{"cameraMode":{"drawMode":0,"name":"Shaded","section":"Shading Mode"},"sceneLighting":true,"audioPlay":false,"sceneViewState":{"showFog":false,"showMaterialUpdate":false,"showSkybox":false,"showFlares":false,"showImageEffects":false,"showParticleSystems":false},"in2DMode":false,"pivot":{"x":333.6355895996094,"y":-685.0931396484375,"z":-2096.9375},"rotation":{"x":-0.08099251240491867,"y":-0.8883123397827148,"z":0.41799333691596987,"w":-0.17212428152561189},"size":847.35986328125,"orthographic":false}